title,price,link,seller
Apple iPhone 13,11990000,https://tiki.vn/p/apple-iphone-13-hang-chinh-hang-p184059211.html?spid=123547403-184059211,Tiki Trading
Apple iPhone Air,29990000,https://tiki.vn/p/apple-iphone-air-p278630285.html?spid=278630809-278630285,Tiki Trading
Apple iPhone 17 Pro,34490000,https://tiki.vn/p/apple-iphone-17-pro-p278628812.html?spid=278630769-278628812,Tiki Trading
Apple iPhone 17 Pro Max,44490000,https://tiki.vn/p/apple-iphone-17-pro-max-p278628866.html?spid=278630779-278628866,Tiki Trading
Apple iPhone 16 Pro Max,30250000,https://tiki.vn/p/apple-iphone-16-pro-max-p276109904.html?spid=276109959-276109904,Tiki Trading
Apple iPhone 14,12990000,https://tiki.vn/p/apple-iphone-14-p197214029.html?spid=197214033-197214029,Tiki Trading
"Ốp lưng cho iPhone 5/5s, iPhone 6/6s, iPhone 7, iPhone 7 Plus, iPhone 8/ iPhone SE, iPhone 8 Plus dẻo trong chống sốc cao cấp - Hàng chính hãng",37830,https://tiki.vn/p/op-lung-cho-iphone-5-5s-iphone-6-6s-iphone-7-iphone-7-plus-iphone-8-iphone-se-iphone-8-plus-deo-trong-chong-soc-cao-cap-hang-chinh-hang-p275678601.html?spid=275678603-275678601,CasemeStore
"Ốp lưng cho iPhone X/Xs, iPhone Xr, iPhone Xs Max, iPhone 11, iPhone 11 Pro, iPhone 11 Pro Max, dẻo trong chống sốc cao cấp - Hàng chính hãng",37830,https://tiki.vn/p/op-lung-cho-iphone-x-xs-iphone-xr-iphone-xs-max-iphone-11-iphone-11-pro-iphone-11-pro-max-deo-trong-chong-soc-cao-cap-hang-chinh-hang-p275678806.html?spid=275678812-275678806,CasemeStore
Ốp lưng dành cho Iphone 12 Mini - Iphone 12 - Iphone 12 Pro - Iphone 12 Pro Max mẫu Xe Sọc Trắng,35000,https://tiki.vn/p/op-lung-danh-cho-iphone-12-mini-iphone-12-iphone-12-pro-iphone-12-pro-max-mau-xe-soc-trang-p91065869.html?spid=91065875-91065869,Ốp lưng Sài Gòn
Ốp lưng dành cho Iphone 12 - Iphone 12 Mini - Iphone 12 Pro - Iphone 12 Pro Max mẫu mẫu Pi Vàng,42000,https://tiki.vn/p/op-lung-danh-cho-iphone-12-iphone-12-mini-iphone-12-pro-iphone-12-pro-max-mau-mau-pi-vang-p91090613.html?spid=91090620-91090613,LONG Case
